SA1,Area,Green Area,%
,,,#DIV/0!
,,,#DIV/0!
2111913,0.375,0.169263062,45.14%
2112322,0.017,0.006597181,38.81%
2112624,1.383,0.52296174,37.81%
2112315,0.097,0.03562108,36.72%
2112309,0.039,0.014082832,36.11%
2111912,0.046,0.016375914,35.60%
2112321,0.026,0.009210505,35.43%
2111724,0.294,0.097361777,33.12%
2112112,0.043,0.013189028,30.67%
2112501,0.521,0.148705653,28.54%
2112325,0.074,0.020387727,27.55%
2112417,0.053,0.014298837,26.98%
2112410,0.064,0.017126564,26.76%
2112513,0.048,0.012616158,26.28%
2112403,1.945,0.495460973,25.47%
2111722,0.006,0.001482235,24.70%
2112319,0.058,0.014240651,24.55%
2112123,0.089,0.021848911,24.55%
2112407,0.553,0.132182833,23.90%
2112506,0.069,0.015772429,22.86%
2112113,0.093,0.021202924,22.80%
2111721,0.013,0.002927562,22.52%
2112326,0.042,0.009388755,22.35%
2112338,0.039,0.008618752,22.10%
2112508,0.143,0.031510444,22.04%
2111727,0.062,0.013608386,21.95%
2112307,0.042,0.008983858,21.39%
2112627,0.01,0.002100892,21.01%
2112305,0.036,0.007537246,20.94%
2112310,0.016,0.003186904,19.92%
2112402,0.066,0.013123309,19.88%
2111715,0.068,0.01342747,19.75%
2112337,0.051,0.01002767,19.66%
2112507,0.058,0.011320064,19.52%
2112323,0.036,0.007025307,19.51%
2111906,0.091,0.017633308,19.38%
2112124,0.058,0.011227439,19.36%
2112512,0.066,0.012725254,19.28%
2112510,0.069,0.01329706,19.27%
2111902,0.051,0.009727924,19.07%
2112406,0.053,0.010006267,18.88%
2112514,0.041,0.007698601,18.78%
2111723,0.012,0.002239339,18.66%
2111903,0.081,0.015061285,18.59%
2112335,0.094,0.017173094,18.27%
2111904,0.07,0.012629103,18.04%
2112109,0.082,0.014695775,17.92%
2111719,0.013,0.002319088,17.84%
2112106,0.133,0.023255721,17.49%
2112311,0.082,0.014317193,17.46%
2111701,0.108,0.01882529,17.43%
2114013,0.934,0.162112263,17.36%
2112409,0.49,0.085037191,17.35%
2111914,0.083,0.014341019,17.28%
2111901,0.041,0.007028067,17.14%
2112412,0.071,0.012138616,17.10%
2112503,0.067,0.011335499,16.92%
2112324,0.366,0.061153742,16.71%
2112312,0.096,0.015969125,16.63%
2112511,0.069,0.011462322,16.61%
2112114,0.076,0.012602731,16.58%
2112306,0.068,0.01127571,16.58%
2112122,0.068,0.011100315,16.32%
2112108,0.043,0.006963799,16.19%
2112331,0.058,0.009392249,16.19%
2112128,0.053,0.008572385,16.17%
2111905,0.06,0.009676568,16.13%
2112604,0.013,0.002083185,16.02%
2112413,0.137,0.021951275,16.02%
2112416,0.039,0.006222887,15.96%
2112233,0.008,0.001266361,15.83%
2112504,0.036,0.005659328,15.72%
2111915,0.057,0.008878406,15.58%
2112404,0.057,0.008847338,15.52%
2111910,0.31,0.048073004,15.51%
2112237,0.03,0.004573689,15.25%
2112631,0.008,0.001216616,15.21%
2111907,0.06,0.009100953,15.17%
2112221,0.028,0.004156126,14.84%
2112105,0.09,0.013230065,14.70%
2112110,0.074,0.010697002,14.46%
2112215,0.083,0.011984884,14.44%
2112401,0.172,0.024623041,14.32%
2112602,0.042,0.005989506,14.26%
2112234,0.019,0.002684548,14.13%
2112116,0.053,0.007468913,14.09%
2112115,0.098,0.013771228,14.05%
2112611,0.056,0.007750343,13.84%
2112612,0.126,0.017392659,13.80%
2111716,0.043,0.005912811,13.75%
2112502,0.067,0.009142866,13.65%
2112411,0.189,0.025713856,13.61%
2112605,0.093,0.012611405,13.56%
2112103,0.184,0.024949217,13.56%
2111911,1.535,0.207095517,13.49%
2112231,0.083,0.011189596,13.48%
2111714,0.029,0.00385898,13.31%
2112302,0.093,0.012197555,13.12%
2112211,0.055,0.007175699,13.05%
2112118,0.067,0.008660134,12.93%
2111705,0.052,0.006697908,12.88%
2112235,0.008,0.001002589,12.53%
2111717,0.036,0.00449573,12.49%
2111712,0.062,0.007714324,12.44%
2111909,0.015,0.001852871,12.35%
2111908,0.091,0.01116693,12.27%
2111704,0.054,0.00659064,12.20%
2112125,0.025,0.003037321,12.15%
2111706,0.125,0.014987125,11.99%
2112418,0.1,0.011942062,11.94%
2111708,0.124,0.014793646,11.93%
2111713,0.06,0.007125111,11.88%
2112505,0.252,0.029844904,11.84%
2111718,0.068,0.007937055,11.67%
2112635,0.021,0.002437573,11.61%
2112314,0.091,0.010517751,11.56%
2111711,0.044,0.005004517,11.37%
2112241,0.055,0.006247956,11.36%
2112204,0.014,0.00155337,11.10%
2111725,0.064,0.006999119,10.94%
2112614,0.004,0.00043499,10.87%
2112415,0.022,0.002378837,10.81%
2112216,0.084,0.008977806,10.69%
2112126,0.092,0.009800861,10.65%
2112633,0.016,0.001672142,10.45%
2112218,0.165,0.017142686,10.39%
2111726,0.063,0.006509143,10.33%
2112336,0.048,0.004865955,10.14%
2112121,0.033,0.003332384,10.10%
2111702,0.053,0.005341473,10.08%
2112333,0.044,0.004339424,9.86%
2112202,0.057,0.005616337,9.85%
2112127,0.031,0.003047246,9.83%
2112629,0.074,0.007249826,9.80%
2111731,0.077,0.007475861,9.71%
2112205,0.088,0.008535108,9.70%
2111720,0.024,0.002315538,9.65%
2111709,0.032,0.003046692,9.52%
2112303,0.081,0.007650002,9.44%
2112610,0.112,0.010532884,9.40%
2112217,0.057,0.005299023,9.30%
2112232,0.056,0.005182479,9.25%
2112213,0.083,0.007665708,9.24%
2112102,0.091,0.00839988,9.23%
2112414,0.129,0.011581669,8.98%
2112236,0.005,0.000446751,8.94%
2112129,0.037,0.003284657,8.88%
2112210,0.027,0.00239459,8.87%
2112618,0.03,0.002645821,8.82%
2111707,0.088,0.007704207,8.75%
2112613,0.005,0.000430059,8.60%
2112304,0.138,0.011776808,8.53%
2112119,0.156,0.013190319,8.46%
2112224,0.11,0.009290592,8.45%
2111703,0.055,0.004636447,8.43%
2112244,0.056,0.004702897,8.40%
2111728,0.014,0.001172637,8.38%
2112249,0.02,0.001663666,8.32%
2112214,0.083,0.006810552,8.21%
2112239,0.072,0.005897022,8.19%
2112620,0.002,0.000163757,8.19%
2112203,0.016,0.001307207,8.17%
2112606,0.062,0.005063692,8.17%
2112225,0.082,0.006654537,8.12%
2112509,0.03,0.00241286,8.04%
2112340,0.046,0.003683132,8.01%
2112104,0.128,0.010180865,7.95%
2111736,0.029,0.002265239,7.81%
2112222,0.027,0.002097252,7.77%
2112223,0.027,0.002088712,7.74%
2112339,0.042,0.003236279,7.71%
2111729,0.017,0.001304271,7.67%
2112327,0.034,0.002604361,7.66%
2112206,0.199,0.01517955,7.63%
2112111,0.034,0.002562366,7.54%
2112328,0.064,0.004812894,7.52%
2112316,0.122,0.009172938,7.52%
2112334,0.115,0.008603302,7.48%
2112209,0.055,0.004100961,7.46%
2112603,0.045,0.003336411,7.41%
2112318,0.098,0.00725643,7.40%
2112212,0.165,0.012116877,7.34%
2111808,0.011,0.00079997,7.27%
2111815,0.086,0.00609657,7.09%
2111806,0.008,0.000566689,7.08%
2112308,0.11,0.007774057,7.07%
2112332,0.138,0.009733805,7.05%
2112230,0.055,0.003852665,7.00%
2112001,1.748,0.12162668,6.96%
2112248,0.135,0.009296261,6.89%
2112330,0.062,0.004193379,6.76%
2111734,0.025,0.001680722,6.72%
2112616,0.004,0.000263398,6.58%
2112229,0.055,0.003602186,6.55%
2112320,0.272,0.016787601,6.17%
2112246,0.039,0.002372191,6.08%
2112243,0.08,0.004844807,6.06%
2112317,0.247,0.014385778,5.82%
2112623,0.202,0.011764428,5.82%
2112630,0.003,0.000173157,5.77%
2111801,0.015,0.000851854,5.68%
2111735,0.018,0.001013089,5.63%
2112101,0.263,0.014613459,5.56%
2112329,0.125,0.006836743,5.47%
2111807,0.008,0.000431212,5.39%
2112634,0.043,0.002202172,5.12%
2112609,0.014,0.000707014,5.05%
2112625,0.01,0.00050265,5.03%
2111816,0.091,0.004521333,4.97%
2112245,0.015,0.000733454,4.89%
2111804,0.182,0.008713814,4.79%
2111802,0.025,0.001161088,4.64%
2112626,0.235,0.010341873,4.40%
2112628,0.004,0.000170015,4.25%
2111710,0.018,0.000741245,4.12%
2111805,0.013,0.000521154,4.01%
2112240,0.012,0.000458046,3.82%
2113102,5.201,0.198441609,3.82%
2112702,2.782,0.104948344,3.77%
2112219,0.055,0.002008115,3.65%
2112313,0.017,0.000595201,3.50%
2111809,0.476,0.016112006,3.38%
2111812,0.025,0.000838741,3.35%
2112619,0.043,0.001224879,2.85%
2111810,0.209,0.005782797,2.77%
2112238,0.031,0.000804853,2.60%
2112617,0.003,7.66E-05,2.55%
2112622,0.471,0.011899975,2.53%
2112247,0.016,0.000352996,2.21%
2111813,0.695,0.013678471,1.97%
2111811,0.292,0.005496911,1.88%
2111733,0.013,0.000237511,1.83%
2112615,0.003,2.94E-05,0.98%
2112701,3.561,0.026661805,0.75%
2111814,0.367,0.001261068,0.34%
2114458,0.081,0.000101748,0.13%
2110539,0.06,5.89E-05,0.10%
2110538,0.091,8.39E-05,0.09%
2113101,1.829,0.00054753,0.03%
2114012,0.109,2.94E-05,0.03%
2110722,0.129,3.09E-05,0.02%
2114011,0.076,1.73E-05,0.02%
2114206,0.088,1.77E-05,0.02%
2114104,0.205,3.39E-05,0.02%
2114215,0.093,1.51E-05,0.02%
2114103,0.181,1.31E-05,0.01%
2114010,0.077,5.29E-06,0.01%
2113229,0.955,3.36E-05,0.00%
2111518,0.12,1.31E-06,0.00%
2114207,0.062,6.26E-07,0.00%
2110522,0.114,2.86E-07,0.00%
2112632,0.007,2.10E-09,0.00%
2110501,0.042,0,0.00%
2110502,0.127,0,0.00%
2110503,0.064,0,0.00%
2110504,0.061,0,0.00%
2110505,0.07,0,0.00%
2110506,0.082,0,0.00%
2110507,0.099,0,0.00%
2110508,0.064,0,0.00%
2110509,0.095,0,0.00%
2110510,0.092,0,0.00%
2110512,0.067,0,0.00%
2110514,0.079,0,0.00%
2110515,0.074,0,0.00%
2110516,0.069,0,0.00%
2110517,0.081,0,0.00%
2110518,0.074,0,0.00%
2110519,0.088,0,0.00%
2110520,0.095,0,0.00%
2110521,0.097,0,0.00%
2110523,0.236,0,0.00%
2110524,0.088,0,0.00%
2110525,0.06,0,0.00%
2110526,0.088,0,0.00%
2110527,0.054,0,0.00%
2110528,0.076,0,0.00%
2110529,0.214,0,0.00%
2110530,0.093,0,0.00%
2110531,0.14,0,0.00%
2110532,0.046,0,0.00%
2110533,0.092,0,0.00%
2110534,0.105,0,0.00%
2110535,0.085,0,0.00%
2110536,0.061,0,0.00%
2110537,0.082,0,0.00%
2110540,0.102,0,0.00%
2110541,0.097,0,0.00%
2110542,0.098,0,0.00%
2110543,0.091,0,0.00%
2110545,0.277,0,0.00%
2110546,0.312,0,0.00%
2110547,0.044,0,0.00%
2110548,0.059,0,0.00%
2110549,0.074,0,0.00%
2110550,0.053,0,0.00%
2110551,0.035,0,0.00%
2110552,0.106,0,0.00%
2110553,0.068,0,0.00%
2110554,0.123,0,0.00%
2110555,0.057,0,0.00%
2110556,0.079,0,0.00%
2110557,0.15,0,0.00%
2110558,0.085,0,0.00%
2110559,0.046,0,0.00%
2110601,0.184,0,0.00%
2110602,0.161,0,0.00%
2110603,0.122,0,0.00%
2110604,0.113,0,0.00%
2110605,0.069,0,0.00%
2110606,0.051,0,0.00%
2110607,0.104,0,0.00%
2110608,0.268,0,0.00%
2110609,0.141,0,0.00%
2110610,0.047,0,0.00%
2110611,0.077,0,0.00%
2110612,0.09,0,0.00%
2110613,0.089,0,0.00%
2110614,0.11,0,0.00%
2110615,0.171,0,0.00%
2110616,0.11,0,0.00%
2110617,0.166,0,0.00%
2110618,0.082,0,0.00%
2110619,0.061,0,0.00%
2110701,0.1,0,0.00%
2110702,0.097,0,0.00%
2110703,0.109,0,0.00%
2110704,0.106,0,0.00%
2110705,0.107,0,0.00%
2110706,0.158,0,0.00%
2110707,0.124,0,0.00%
2110708,0.068,0,0.00%
2110709,0.083,0,0.00%
2110710,0.046,0,0.00%
2110711,0.088,0,0.00%
2110712,0.1,0,0.00%
2110713,0.113,0,0.00%
2110714,0.11,0,0.00%
2110715,0.134,0,0.00%
2110716,0.11,0,0.00%
2110717,0.094,0,0.00%
2110718,0.075,0,0.00%
2110719,0.151,0,0.00%
2110720,0.073,0,0.00%
2110721,0.066,0,0.00%
2110723,0.075,0,0.00%
2110724,0.083,0,0.00%
2110725,0.2,0,0.00%
2110726,0.106,0,0.00%
2110727,0.158,0,0.00%
2110728,0.118,0,0.00%
2110729,0.08,0,0.00%
2110730,0.034,0,0.00%
2110731,0.157,0,0.00%
2110801,0.111,0,0.00%
2110802,0.08,0,0.00%
2110803,0.144,0,0.00%
2110804,0.092,0,0.00%
2110805,0.149,0,0.00%
2110806,0.121,0,0.00%
2110807,0.141,0,0.00%
2110808,0.166,0,0.00%
2110809,0.141,0,0.00%
2110810,0.104,0,0.00%
2110811,0.091,0,0.00%
2110812,0.073,0,0.00%
2110813,0.079,0,0.00%
2110814,0.096,0,0.00%
2110815,0.244,0,0.00%
2110816,0.091,0,0.00%
2110817,0.07,0,0.00%
2110818,0.087,0,0.00%
2110819,0.147,0,0.00%
2110820,0.24,0,0.00%
2110821,0.109,0,0.00%
2110822,0.144,0,0.00%
2110823,0.32,0,0.00%
2110824,0.17,0,0.00%
2110825,0.169,0,0.00%
2110826,0.094,0,0.00%
2110827,0.085,0,0.00%
2110828,0.092,0,0.00%
2110829,0.121,0,0.00%
2110830,0.079,0,0.00%
2110831,0.128,0,0.00%
2110832,0.155,0,0.00%
2110833,0.12,0,0.00%
2110834,0.087,0,0.00%
2110835,0.087,0,0.00%
2110836,0.081,0,0.00%
2110837,0.082,0,0.00%
2110838,0.16,0,0.00%
2110839,0.072,0,0.00%
2110840,0.073,0,0.00%
2110841,0.115,0,0.00%
2110842,0.237,0,0.00%
2110843,0.098,0,0.00%
2110844,0.099,0,0.00%
2110845,0.064,0,0.00%
2110846,0.119,0,0.00%
2110847,0.082,0,0.00%
2110848,0.13,0,0.00%
2110849,0.095,0,0.00%
2110850,0.093,0,0.00%
2110851,0.079,0,0.00%
2110852,0.05,0,0.00%
2110853,0.252,0,0.00%
2110854,0.084,0,0.00%
2110855,0.089,0,0.00%
2110856,0.044,0,0.00%
2110857,0.061,0,0.00%
2110858,0.092,0,0.00%
2110859,0.064,0,0.00%
2110860,0.245,0,0.00%
2110901,0.158,0,0.00%
2110902,0.103,0,0.00%
2110903,0.112,0,0.00%
2110904,0.114,0,0.00%
2110905,0.081,0,0.00%
2110906,0.119,0,0.00%
2110907,0.157,0,0.00%
2110908,0.076,0,0.00%
2110909,0.109,0,0.00%
2110910,0.104,0,0.00%
2110911,0.119,0,0.00%
2110912,0.115,0,0.00%
2110913,0.121,0,0.00%
2110914,0.116,0,0.00%
2110915,0.103,0,0.00%
2110916,0.147,0,0.00%
2110917,0.138,0,0.00%
2110918,0.159,0,0.00%
2110919,0.094,0,0.00%
2110920,0.116,0,0.00%
2110921,0.125,0,0.00%
2110922,0.154,0,0.00%
2110923,0.289,0,0.00%
2110924,0.129,0,0.00%
2111001,0.142,0,0.00%
2111002,0.157,0,0.00%
2111003,0.137,0,0.00%
2111004,0.066,0,0.00%
2111005,0.056,0,0.00%
2111006,0.135,0,0.00%
2111007,0.107,0,0.00%
2111008,0.132,0,0.00%
2111009,0.228,0,0.00%
2111010,0.182,0,0.00%
2111011,0.127,0,0.00%
2111012,0.18,0,0.00%
2111013,0.108,0,0.00%
2111014,0.128,0,0.00%
2111015,0.201,0,0.00%
2111016,0.121,0,0.00%
2111017,0.084,0,0.00%
2111018,0.079,0,0.00%
2111019,0.118,0,0.00%
2111020,0.202,0,0.00%
2111021,0.176,0,0.00%
2111022,0.083,0,0.00%
2111101,0.063,0,0.00%
2111102,0.099,0,0.00%
2111103,0.316,0,0.00%
2111104,0.136,0,0.00%
2111105,0.12,0,0.00%
2111106,0.085,0,0.00%
2111107,0.129,0,0.00%
2111108,0.112,0,0.00%
2111109,0.061,0,0.00%
2111110,0.113,0,0.00%
2111111,0.07,0,0.00%
2111112,0.119,0,0.00%
2111113,0.127,0,0.00%
2111114,0.125,0,0.00%
2111115,0.132,0,0.00%
2111116,0.054,0,0.00%
2111117,0.221,0,0.00%
2111118,0.133,0,0.00%
2111119,0.083,0,0.00%
2111120,0.058,0,0.00%
2111121,0.072,0,0.00%
2111122,0.069,0,0.00%
2111123,0.187,0,0.00%
2111124,0.125,0,0.00%
2111125,0.095,0,0.00%
2111126,0.125,0,0.00%
2111127,0.091,0,0.00%
2111128,0.129,0,0.00%
2111129,0.124,0,0.00%
2111130,0.128,0,0.00%
2111131,0.1,0,0.00%
2111132,0.117,0,0.00%
2111133,0.121,0,0.00%
2111134,0.088,0,0.00%
2111135,0.073,0,0.00%
2111136,0.247,0,0.00%
2111137,0.163,0,0.00%
2111138,0.117,0,0.00%
2111139,0.115,0,0.00%
2111140,0.123,0,0.00%
2111141,0.08,0,0.00%
2111142,0.073,0,0.00%
2111143,0.13,0,0.00%
2111144,0.081,0,0.00%
2111145,0.112,0,0.00%
2111146,0.102,0,0.00%
2111147,0.084,0,0.00%
2111148,0.186,0,0.00%
2111149,0.08,0,0.00%
2111150,0.088,0,0.00%
2111151,0.125,0,0.00%
2111152,0.075,0,0.00%
2111153,0.302,0,0.00%
2111201,0.256,0,0.00%
2111202,0.142,0,0.00%
2111203,0.119,0,0.00%
2111204,0.093,0,0.00%
2111205,0.119,0,0.00%
2111206,0.078,0,0.00%
2111207,0.112,0,0.00%
2111208,0.075,0,0.00%
2111209,0.088,0,0.00%
2111210,0.168,0,0.00%
2111211,0.083,0,0.00%
2111212,0.1,0,0.00%
2111213,0.086,0,0.00%
2111214,0.104,0,0.00%
2111215,0.099,0,0.00%
2111216,0.106,0,0.00%
2111217,0.082,0,0.00%
2111218,0.07,0,0.00%
2111219,0.12,0,0.00%
2111220,0.142,0,0.00%
2111221,0.226,0,0.00%
2111222,0.106,0,0.00%
2111223,0.095,0,0.00%
2111224,0.367,0,0.00%
2111225,0.205,0,0.00%
2111226,0.092,0,0.00%
2111227,0.093,0,0.00%
2111228,0.111,0,0.00%
2111229,0.12,0,0.00%
2111230,0.101,0,0.00%
2111231,0.052,0,0.00%
2111232,0.092,0,0.00%
2111233,0.095,0,0.00%
2111234,0.177,0,0.00%
2111235,0.11,0,0.00%
2111236,0.076,0,0.00%
2111237,0.083,0,0.00%
2111238,0.115,0,0.00%
2111239,0.102,0,0.00%
2111240,0.334,0,0.00%
2111241,0.068,0,0.00%
2111242,0.048,0,0.00%
2111301,0.493,0,0.00%
2111302,0.078,0,0.00%
2111303,0.16,0,0.00%
2111304,0.216,0,0.00%
2111305,0.247,0,0.00%
2111306,0.195,0,0.00%
2111307,0.333,0,0.00%
2111308,0.08,0,0.00%
2111309,0.086,0,0.00%
2111310,0.08,0,0.00%
2111311,0.11,0,0.00%
2111312,0.086,0,0.00%
2111313,0.109,0,0.00%
2111314,0.106,0,0.00%
2111315,0.069,0,0.00%
2111316,0.068,0,0.00%
2111317,0.069,0,0.00%
2111318,0.051,0,0.00%
2111319,0.076,0,0.00%
2111320,0.084,0,0.00%
2111321,0.06,0,0.00%
2111322,0.096,0,0.00%
2111323,0.098,0,0.00%
2111324,0.135,0,0.00%
2111325,0.097,0,0.00%
2111326,0.096,0,0.00%
2111327,0.121,0,0.00%
2111328,0.131,0,0.00%
2111329,0.108,0,0.00%
2111330,0.055,0,0.00%
2111331,0.076,0,0.00%
2111332,0.057,0,0.00%
2111401,0.073,0,0.00%
2111402,0.205,0,0.00%
2111403,0.107,0,0.00%
2111404,0.131,0,0.00%
2111405,0.116,0,0.00%
2111406,0.18,0,0.00%
2111407,0.16,0,0.00%
2111408,0.259,0,0.00%
2111409,0.15,0,0.00%
2111410,0.173,0,0.00%
2111411,0.106,0,0.00%
2111412,0.213,0,0.00%
2111413,0.202,0,0.00%
2111414,0.187,0,0.00%
2111415,0.346,0,0.00%
2111416,0.093,0,0.00%
2111417,0.109,0,0.00%
2111418,0.155,0,0.00%
2111419,0.108,0,0.00%
2111420,0.155,0,0.00%
2111421,0.154,0,0.00%
2111422,0.094,0,0.00%
2111423,0.1,0,0.00%
2111424,0.086,0,0.00%
2111425,0.172,0,0.00%
2111426,0.138,0,0.00%
2111427,0.181,0,0.00%
2111428,0.129,0,0.00%
2111429,0.088,0,0.00%
2111430,0.13,0,0.00%
2111431,0.147,0,0.00%
2111432,0.128,0,0.00%
2111433,0.188,0,0.00%
2111434,0.126,0,0.00%
2111435,0.183,0,0.00%
2111436,0.094,0,0.00%
2111437,0.145,0,0.00%
2111438,0.163,0,0.00%
2111439,0.12,0,0.00%
2111440,0.102,0,0.00%
2111441,0.124,0,0.00%
2111442,0.145,0,0.00%
2111443,0.205,0,0.00%
2111444,0.214,0,0.00%
2111445,0.095,0,0.00%
2111446,0.103,0,0.00%
2111447,0.129,0,0.00%
2111448,0.101,0,0.00%
2111449,0.201,0,0.00%
2111450,0.086,0,0.00%
2111451,0.108,0,0.00%
2111452,0.138,0,0.00%
2111453,0.159,0,0.00%
2111454,0.132,0,0.00%
2111455,0.058,0,0.00%
2111456,0.071,0,0.00%
2111457,0.144,0,0.00%
2111458,0.092,0,0.00%
2111459,0.2,0,0.00%
2111460,0.111,0,0.00%
2111461,0.121,0,0.00%
2111501,0.07,0,0.00%
2111502,0.064,0,0.00%
2111503,0.073,0,0.00%
2111504,0.066,0,0.00%
2111505,0.088,0,0.00%
2111506,0.014,0,0.00%
2111507,0.019,0,0.00%
2111508,0.104,0,0.00%
2111509,0.046,0,0.00%
2111510,0.059,0,0.00%
2111511,0.084,0,0.00%
2111512,0.128,0,0.00%
2111513,0.085,0,0.00%
2111514,0.053,0,0.00%
2111515,0.069,0,0.00%
2111516,0.167,0,0.00%
2111519,0.011,0,0.00%
2111520,0.019,0,0.00%
2111521,0.016,0,0.00%
2111522,0.039,0,0.00%
2111523,0.041,0,0.00%
2111524,0.18,0,0.00%
2111601,0.084,0,0.00%
2111602,0.109,0,0.00%
2111603,0.124,0,0.00%
2111604,0.117,0,0.00%
2111605,0.136,0,0.00%
2111606,0.094,0,0.00%
2111607,0.124,0,0.00%
2111608,0.164,0,0.00%
2111609,0.096,0,0.00%
2111610,0.217,0,0.00%
2111611,0.096,0,0.00%
2111612,0.118,0,0.00%
2111613,0.28,0,0.00%
2111614,0.116,0,0.00%
2111615,0.105,0,0.00%
2111616,0.15,0,0.00%
2111617,0.159,0,0.00%
2111618,0.09,0,0.00%
2111619,0.119,0,0.00%
2111620,0.095,0,0.00%
2111621,0.102,0,0.00%
2111622,0.125,0,0.00%
2111623,0.121,0,0.00%
2111624,0.272,0,0.00%
2111625,0.143,0,0.00%
2111626,0.121,0,0.00%
2111627,0.099,0,0.00%
2111628,0.107,0,0.00%
2111629,0.47,0,0.00%
2111630,0.067,0,0.00%
2111631,0.17,0,0.00%
2111632,0.063,0,0.00%
2112242,0.012,0,0.00%
2112801,0.045,0,0.00%
2112802,0.072,0,0.00%
2112803,0.195,0,0.00%
2112804,0.086,0,0.00%
2112805,0.077,0,0.00%
2112806,0.07,0,0.00%
2112807,0.098,0,0.00%
2112808,0.081,0,0.00%
2112809,0.113,0,0.00%
2112810,0.12,0,0.00%
2112811,0.062,0,0.00%
2112812,0.078,0,0.00%
2112813,0.128,0,0.00%
2112814,0.07,0,0.00%
2112815,0.051,0,0.00%
2112816,0.083,0,0.00%
2112817,0.067,0,0.00%
2112818,0.059,0,0.00%
2112819,0.085,0,0.00%
2112820,0.101,0,0.00%
2112821,0.079,0,0.00%
2112822,0.102,0,0.00%
2112823,0.076,0,0.00%
2112824,0.1,0,0.00%
2112825,0.073,0,0.00%
2112826,0.111,0,0.00%
2112827,0.054,0,0.00%
2112828,0.065,0,0.00%
2112830,0.019,0,0.00%
2112831,0.07,0,0.00%
2112832,2.194,0,0.00%
2112833,0.047,0,0.00%
2112834,0.038,0,0.00%
2112835,0.018,0,0.00%
2112901,0.044,0,0.00%
2112902,0.071,0,0.00%
2112903,0.056,0,0.00%
2112904,0.098,0,0.00%
2112905,0.085,0,0.00%
2112906,0.03,0,0.00%
2112907,0.072,0,0.00%
2112908,0.071,0,0.00%
2112909,0.049,0,0.00%
2112910,0.055,0,0.00%
2112911,0.061,0,0.00%
2112912,0.029,0,0.00%
2112913,0.095,0,0.00%
2112914,0.054,0,0.00%
2112915,0.052,0,0.00%
2112916,0.072,0,0.00%
2112917,0.181,0,0.00%
2112918,0.082,0,0.00%
2112919,0.065,0,0.00%
2112920,0.04,0,0.00%
2112921,0.045,0,0.00%
2112922,0.13,0,0.00%
2112923,0.048,0,0.00%
2112924,0.057,0,0.00%
2112925,0.074,0,0.00%
2112926,0.052,0,0.00%
2112927,0.045,0,0.00%
2112928,0.056,0,0.00%
2112929,0.04,0,0.00%
2112930,0.051,0,0.00%
2112931,0.055,0,0.00%
2112932,0.054,0,0.00%
2112933,0.043,0,0.00%
2112934,0.105,0,0.00%
2112935,0.083,0,0.00%
2112936,0.09,0,0.00%
2112937,0.038,0,0.00%
2112938,0.051,0,0.00%
2112939,0.069,0,0.00%
2112940,0.066,0,0.00%
2113001,0.03,0,0.00%
2113002,0.135,0,0.00%
2113003,0.112,0,0.00%
2113004,0.072,0,0.00%
2113005,0.056,0,0.00%
2113006,0.113,0,0.00%
2113007,0.075,0,0.00%
2113008,0.08,0,0.00%
2113009,0.085,0,0.00%
2113010,0.031,0,0.00%
2113011,0.078,0,0.00%
2113012,0.068,0,0.00%
2113013,0.15,0,0.00%
2113014,0.1,0,0.00%
2113015,0.175,0,0.00%
2113016,0.082,0,0.00%
2113017,0.063,0,0.00%
2113019,0.065,0,0.00%
2113020,0.113,0,0.00%
2113021,0.046,0,0.00%
2113022,0.026,0,0.00%
2113023,0.137,0,0.00%
2113024,0.123,0,0.00%
2113025,0.05,0,0.00%
2113026,0.069,0,0.00%
2113027,0.064,0,0.00%
2113028,0.192,0,0.00%
2113029,0.081,0,0.00%
2113032,0.067,0,0.00%
2113033,0.018,0,0.00%
2113034,0.03,0,0.00%
2113035,0.029,0,0.00%
2113036,0.04,0,0.00%
2113037,0.028,0,0.00%
2113038,0.087,0,0.00%
2113039,0.083,0,0.00%
2113201,0.107,0,0.00%
2113202,0.064,0,0.00%
2113203,0.062,0,0.00%
2113204,0.058,0,0.00%
2113206,0.047,0,0.00%
2113207,0.058,0,0.00%
2113208,0.09,0,0.00%
2113209,0.071,0,0.00%
2113210,0.062,0,0.00%
2113211,0.044,0,0.00%
2113212,0.141,0,0.00%
2113213,0.117,0,0.00%
2113214,0.072,0,0.00%
2113215,0.083,0,0.00%
2113217,0.037,0,0.00%
2113218,0.006,0,0.00%
2113219,0.012,0,0.00%
2113220,0.006,0,0.00%
2113221,0.006,0,0.00%
2113222,0.05,0,0.00%
2113223,0.061,0,0.00%
2113224,0.066,0,0.00%
2113225,0.062,0,0.00%
2113226,0.054,0,0.00%
2113227,0.058,0,0.00%
2113228,0.046,0,0.00%
2113230,0.058,0,0.00%
2113301,0.034,0,0.00%
2113302,0.033,0,0.00%
2113303,0.029,0,0.00%
2113304,0.099,0,0.00%
2113305,0.062,0,0.00%
2113306,0.147,0,0.00%
2113307,0.053,0,0.00%
2113308,0.071,0,0.00%
2113309,0.19,0,0.00%
2113310,0.039,0,0.00%
2113311,0.067,0,0.00%
2113312,0.046,0,0.00%
2113313,0.036,0,0.00%
2113314,0.122,0,0.00%
2113315,0.046,0,0.00%
2113316,0.074,0,0.00%
2113317,0.037,0,0.00%
2113318,0.078,0,0.00%
2113319,0.395,0,0.00%
2113320,0.045,0,0.00%
2113321,0.06,0,0.00%
2113322,0.068,0,0.00%
2113323,0.101,0,0.00%
2113324,0.054,0,0.00%
2113325,0.117,0,0.00%
2113326,0.067,0,0.00%
2113327,0.046,0,0.00%
2113328,0.138,0,0.00%
2113329,0.041,0,0.00%
2113330,0.064,0,0.00%
2113331,0.086,0,0.00%
2113332,0.097,0,0.00%
2113333,0.063,0,0.00%
2113334,0.041,0,0.00%
2113335,0.052,0,0.00%
2113336,0.052,0,0.00%
2113337,0.089,0,0.00%
2113338,0.044,0,0.00%
2113339,0.045,0,0.00%
2113340,0.039,0,0.00%
2113341,0.045,0,0.00%
2113342,0.064,0,0.00%
2113343,0.05,0,0.00%
2113344,0.079,0,0.00%
2113345,0.122,0,0.00%
2113346,0.044,0,0.00%
2113347,0.057,0,0.00%
2113348,0.069,0,0.00%
2113349,0.044,0,0.00%
2113350,0.045,0,0.00%
2113351,0.055,0,0.00%
2113352,0.056,0,0.00%
2113353,0.052,0,0.00%
2113354,0.038,0,0.00%
2113355,0.079,0,0.00%
2113356,0.025,0,0.00%
2113401,0.052,0,0.00%
2113402,0.036,0,0.00%
2113403,0.037,0,0.00%
2113404,0.042,0,0.00%
2113405,0.054,0,0.00%
2113406,0.072,0,0.00%
2113407,0.059,0,0.00%
2113408,0.059,0,0.00%
2113409,0.03,0,0.00%
2113410,0.037,0,0.00%
2113411,0.15,0,0.00%
2113412,0.081,0,0.00%
2113413,0.068,0,0.00%
2113414,0.071,0,0.00%
2113415,0.047,0,0.00%
2113416,0.075,0,0.00%
2113417,0.039,0,0.00%
2113418,0.021,0,0.00%
2113419,0.061,0,0.00%
2113420,0.046,0,0.00%
2113421,0.059,0,0.00%
2113422,0.04,0,0.00%
2113423,0.181,0,0.00%
2113424,0.071,0,0.00%
2113425,0.06,0,0.00%
2113426,0.07,0,0.00%
2113427,0.101,0,0.00%
2113428,0.057,0,0.00%
2113429,0.043,0,0.00%
2113430,0.053,0,0.00%
2113431,0.026,0,0.00%
2113432,0.079,0,0.00%
2113433,0.083,0,0.00%
2113434,0.065,0,0.00%
2113435,0.079,0,0.00%
2113436,0.065,0,0.00%
2113437,0.076,0,0.00%
2113438,0.053,0,0.00%
2113439,0.072,0,0.00%
2113501,0.101,0,0.00%
2113502,0.149,0,0.00%
2113503,0.266,0,0.00%
2113504,0.173,0,0.00%
2113505,0.112,0,0.00%
2113506,0.097,0,0.00%
2113507,0.206,0,0.00%
2113508,0.098,0,0.00%
2113509,0.073,0,0.00%
2113510,0.172,0,0.00%
2113511,0.099,0,0.00%
2113512,0.098,0,0.00%
2113513,0.173,0,0.00%
2113514,0.064,0,0.00%
2113515,0.054,0,0.00%
2113516,0.094,0,0.00%
2113517,0.089,0,0.00%
2113518,0.037,0,0.00%
2113519,0.081,0,0.00%
2113602,0.103,0,0.00%
2113603,0.076,0,0.00%
2113604,0.073,0,0.00%
2113605,0.071,0,0.00%
2113606,0.031,0,0.00%
2113607,0.084,0,0.00%
2113608,0.091,0,0.00%
2113609,0.084,0,0.00%
2113610,0.059,0,0.00%
2113611,0.065,0,0.00%
2113612,0.055,0,0.00%
2113613,0.065,0,0.00%
2113614,0.045,0,0.00%
2113615,0.037,0,0.00%
2113616,0.112,0,0.00%
2113617,0.071,0,0.00%
2113618,0.078,0,0.00%
2113619,0.07,0,0.00%
2113620,0.036,0,0.00%
2113621,0.071,0,0.00%
2113622,0.054,0,0.00%
2113623,0.062,0,0.00%
2113624,0.072,0,0.00%
2113625,0.08,0,0.00%
2113626,0.099,0,0.00%
2113627,0.051,0,0.00%
2113628,0.1,0,0.00%
2113629,0.122,0,0.00%
2113630,0.058,0,0.00%
2113631,0.051,0,0.00%
2113632,0.068,0,0.00%
2113633,0.104,0,0.00%
2113634,0.091,0,0.00%
2113635,0.062,0,0.00%
2113636,0.05,0,0.00%
2113637,0.044,0,0.00%
2113638,0.101,0,0.00%
2113639,0.072,0,0.00%
2113640,0.047,0,0.00%
2113641,0.123,0,0.00%
2113642,0.041,0,0.00%
2113643,0.047,0,0.00%
2113701,0.151,0,0.00%
2113702,0.125,0,0.00%
2113703,0.061,0,0.00%
2113704,0.122,0,0.00%
2113705,0.062,0,0.00%
2113706,0.071,0,0.00%
2113707,0.077,0,0.00%
2113708,0.061,0,0.00%
2113709,0.056,0,0.00%
2113710,0.094,0,0.00%
2113711,0.049,0,0.00%
2113712,0.06,0,0.00%
2113713,0.051,0,0.00%
2113714,0.076,0,0.00%
2113715,0.077,0,0.00%
2113716,0.116,0,0.00%
2113718,0.079,0,0.00%
2113719,0.078,0,0.00%
2113720,0.128,0,0.00%
2113721,0.07,0,0.00%
2113722,0.073,0,0.00%
2113723,0.098,0,0.00%
2113724,0.099,0,0.00%
2113725,0.103,0,0.00%
2113726,0.048,0,0.00%
2113727,0.037,0,0.00%
2113728,0.046,0,0.00%
2113730,0.087,0,0.00%
2113731,0.055,0,0.00%
2113732,0.002,0,0.00%
2113733,0.092,0,0.00%
2113734,0.143,0,0.00%
2113735,0.031,0,0.00%
2113801,0.085,0,0.00%
2113802,0.071,0,0.00%
2113803,0.076,0,0.00%
2113804,0.265,0,0.00%
2113805,0.104,0,0.00%
2113806,0.198,0,0.00%
2113807,0.07,0,0.00%
2113808,0.159,0,0.00%
2113809,0.161,0,0.00%
2113810,0.141,0,0.00%
2113811,0.26,0,0.00%
2113812,0.096,0,0.00%
2113813,0.106,0,0.00%
2113814,0.085,0,0.00%
2113815,0.137,0,0.00%
2113816,0.107,0,0.00%
2113817,0.154,0,0.00%
2113818,0.154,0,0.00%
2113819,0.133,0,0.00%
2113820,0.253,0,0.00%
2113821,0.246,0,0.00%
2113822,0.164,0,0.00%
2113823,0.164,0,0.00%
2113824,0.142,0,0.00%
2113825,0.108,0,0.00%
2113826,0.107,0,0.00%
2113827,0.069,0,0.00%
2113828,0.128,0,0.00%
2113829,0.127,0,0.00%
2113830,0.115,0,0.00%
2113831,0.119,0,0.00%
2113832,0.123,0,0.00%
2113901,0.078,0,0.00%
2113902,0.262,0,0.00%
2113903,0.101,0,0.00%
2113904,0.378,0,0.00%
2113905,0.115,0,0.00%
2113906,0.211,0,0.00%
2113907,0.126,0,0.00%
2113908,0.13,0,0.00%
2113909,0.136,0,0.00%
2113910,0.127,0,0.00%
2113911,0.116,0,0.00%
2114001,0.037,0,0.00%
2114002,0.059,0,0.00%
2114003,0.047,0,0.00%
2114004,0.047,0,0.00%
2114005,0.039,0,0.00%
2114006,0.057,0,0.00%
2114007,0.058,0,0.00%
2114008,0.1,0,0.00%
2114009,0.082,0,0.00%
2114014,0.078,0,0.00%
2114015,0.09,0,0.00%
2114016,0.085,0,0.00%
2114017,0.059,0,0.00%
2114018,0.057,0,0.00%
2114019,0.069,0,0.00%
2114020,0.042,0,0.00%
2114021,0.043,0,0.00%
2114022,0.056,0,0.00%
2114023,0.056,0,0.00%
2114101,0.099,0,0.00%
2114102,0.065,0,0.00%
2114105,0.066,0,0.00%
2114106,0.107,0,0.00%
2114107,0.025,0,0.00%
2114108,0.025,0,0.00%
2114109,0.096,0,0.00%
2114110,0.051,0,0.00%
2114111,0.135,0,0.00%
2114112,0.111,0,0.00%
2114113,0.115,0,0.00%
2114114,0.017,0,0.00%
2114201,0.014,0,0.00%
2114202,0.074,0,0.00%
2114203,0.019,0,0.00%
2114204,0.028,0,0.00%
2114205,0.033,0,0.00%
2114208,0.066,0,0.00%
2114209,0.108,0,0.00%
2114210,0.074,0,0.00%
2114211,0.046,0,0.00%
2114212,0.053,0,0.00%
2114213,0.053,0,0.00%
2114214,0.045,0,0.00%
2114216,0.078,0,0.00%
2114217,0.087,0,0.00%
2114218,0.054,0,0.00%
2114219,0.064,0,0.00%
2114220,0.071,0,0.00%
2114221,0.08,0,0.00%
2114222,0.051,0,0.00%
2114223,0.068,0,0.00%
2114301,0.079,0,0.00%
2114302,0.085,0,0.00%
2114303,0.101,0,0.00%
2114304,0.076,0,0.00%
2114305,0.111,0,0.00%
2114306,0.081,0,0.00%
2114307,0.092,0,0.00%
2114308,0.155,0,0.00%
2114309,0.074,0,0.00%
2114310,0.093,0,0.00%
2114311,0.073,0,0.00%
2114312,0.066,0,0.00%
2114313,0.039,0,0.00%
2114314,0.077,0,0.00%
2114315,0.077,0,0.00%
2114316,0.105,0,0.00%
2114317,0.075,0,0.00%
2114318,0.059,0,0.00%
2114319,0.152,0,0.00%
2114320,0.079,0,0.00%
2114321,0.053,0,0.00%
2114322,0.094,0,0.00%
2114323,0.26,0,0.00%
2114324,0.176,0,0.00%
2114325,0.078,0,0.00%
2114326,0.076,0,0.00%
2114327,0.077,0,0.00%
2114401,0.11,0,0.00%
2114402,0.016,0,0.00%
2114403,0.054,0,0.00%
2114404,0.072,0,0.00%
2114405,0.017,0,0.00%
2114406,0.013,0,0.00%
2114407,0.022,0,0.00%
2114408,0.06,0,0.00%
2114409,0.069,0,0.00%
2114410,0.083,0,0.00%
2114411,0.161,0,0.00%
2114412,0.238,0,0.00%
2114413,0.065,0,0.00%
2114414,0.271,0,0.00%
2114415,0.062,0,0.00%
2114416,0.08,0,0.00%
2114417,0.072,0,0.00%
2114418,0.098,0,0.00%
2114419,0.054,0,0.00%
2114420,0.046,0,0.00%
2114421,0.048,0,0.00%
2114422,0.049,0,0.00%
2114423,0.071,0,0.00%
2114424,0.061,0,0.00%
2114425,0.053,0,0.00%
2114426,0.057,0,0.00%
2114427,0.077,0,0.00%
2114428,0.093,0,0.00%
2114429,0.108,0,0.00%
2114430,0.057,0,0.00%
2114431,0.073,0,0.00%
2114432,0.07,0,0.00%
2114433,0.045,0,0.00%
2114434,0.037,0,0.00%
2114435,0.131,0,0.00%
2114436,0.125,0,0.00%
2114437,0.05,0,0.00%
2114438,0.086,0,0.00%
2114439,0.07,0,0.00%
2114440,0.076,0,0.00%
2114441,0.064,0,0.00%
2114442,0.06,0,0.00%
2114443,0.26,0,0.00%
2114446,0.203,0,0.00%
2114447,0.233,0,0.00%
2114448,0.138,0,0.00%
2114449,0.084,0,0.00%
2114450,0.073,0,0.00%
2114451,0.067,0,0.00%
2114452,0.128,0,0.00%
2114453,0.066,0,0.00%
2114454,0.117,0,0.00%
2114455,0.07,0,0.00%
2114456,0.044,0,0.00%
2114457,0.076,0,0.00%
2114459,0.039,0,0.00%
2114460,0.044,0,0.00%
2114461,0.955,0,0.00%
2114462,0.048,0,0.00%
2114463,0.125,0,0.00%
2114464,0.036,0,0.00%
2114465,0.177,0,0.00%
2114466,0.072,0,0.00%
2114501,0.081,0,0.00%
2114502,0.074,0,0.00%
2114503,0.118,0,0.00%
2114504,0.169,0,0.00%
2114505,0.12,0,0.00%
2114506,0.23,0,0.00%
2114507,0.051,0,0.00%
2114508,0.113,0,0.00%
2114509,1.165,0,0.00%
2114510,0.205,0,0.00%
2114511,0.409,0,0.00%
2114512,0.721,0,0.00%
2114513,0.156,0,0.00%
2114514,0.127,0,0.00%
2114515,0.232,0,0.00%
2114516,0.076,0,0.00%
2114517,0.169,0,0.00%
2114518,0.116,0,0.00%
2114519,0.12,0,0.00%
2114520,0.781,0,0.00%
2114521,0.094,0,0.00%
